Your name; Your GitHub user; Dataset name; Dataset URL; Dataset brief description
Livia Scoppola; LiviaScoppola; Deliberation Knowledge Graph (DKG);https://dkg.svagnoni.linkeddata.es/; An open RDF knowledge graph containing data from citizen deliberation and participation processes 
Pedro López-Ríos; pedrolriosdc-jpg; Citizen science for traffic counts: WeCount project dataset for inner-city streets of Ljubljana; https://data.europa.eu/data/datasets/oai-zenodo-org-6559037; Traffic counts gathered in Ljubljana as part of the WeCount initiative are included in an open citizen science dataset. In addition to helping with data collecting and analysis, participating residents put inexpensive traffic sensors in their homes or places of business. The dataset can be found in semantic formats such as RDF/XML and JSON-LD and is publicly accessible.
Rosángeles Carrión;RosangelesCarrion;DBnary;https://kaiko.getalp.org/;Multilingual lexical resource extracted from Wiktionary and published as Linguistic Linked Open Data in RDF with the W3C OntoLex-Lemon vocabulary. Covers 27 Wiktionary language editions, is re-extracted twice a month, and offers Turtle dumps plus a public SPARQL endpoint. The content is written and curated by volunteer Wiktionary contributors, not by any public administration. License CC BY-SA 3.0.
Filippo Morelli;FilippoMorellii;Cultural Gems;https://data.jrc.ec.europa.eu/dataset/9ee32efe-af81-48e4-8ad6-a0db06802e03;Cultural Gems is a crowdsourced platform for mapping cultural and creative places across European cities. Its data are contributed and curated by community members, culture lovers and other users. The resulting dataset is published as Linked Open Data in RDF formats by the Joint Research Centre of the European Commission
Mario Haag; mariogit67; iNaturalist Research-grade Observations; https://doi.org/10.15468/ab3s5x; A citizen-generated biodiversity dataset containing research-grade observations contributed by iNaturalist users, where people share observations of plants, animals and other organisms from around the world.
Bilal Soussane;sousbila;Open Food Facts;https://world.openfoodfacts.org/;Crowdsourced database of food products worldwide, built and curated by volunteer contributors who scan and upload product data via mobile app (citizen-generated, not government data). Provides open data exports in multiple formats including an RDF distribution, alongside CSV and a live JSON API.
Alejandra Chirinos; AleChirinos; OpenStreetMap as RDF (osm2rdf / QLever); https://osm2rdf.cs.uni-freiburg.de; Weekly-updated RDF (Turtle) conversion of the entire OpenStreetMap planet dataset, including precomputed spatial relations between objects, generated and maintained by volunteer citizen mappers worldwide (not by any government agency), queryable via a live SPARQL endpoint at qlever.dev/osm-planet.
Andrea Brugnera; Brugni24; Wikidata - Palladian Villas of Veneto; https://www.wikidata.org/wiki/Q5123968; A crowdsourced Linked Data entity from Wikidata mapping the architectural heritage of the Palladian Villas in the Veneto region, collaboratively curated by citizens and available natively in RDF.
Jin fa Zheng; ZhengJinFa168; Lingua Libre Linguistic Collaborative Catalog; https://lingualibre.org/gallery; A crowdsourced linguistic library where citizens record audio of words and phrases in various languages and dialects. The platform's structured metadata is modeled as a Wikibase knowledge graph, making it queryable via SPARQL as Linked Open Data.
Marco Sánchez Nishimura;MSanchezN;Citizen Science Spider Records for Ireland;https://data.europa.eu/data/datasets/003e641b-fc2e-4219-9463-13fc7c660165?locale=en;Citizen-generated records of spider species collected through citizen science across the island of Ireland between 2011 and 2020.
Alessio Pizzini;AlessioPi;Pleiades;https://pleiades.stoa.org/downloads;A community-built database of ancient historical places, created by volunteers and available as Linked Open Data in RDF format.
Alexia Muresan; alexiamuresanpop; Problems registered by users on the “Manage the City” platform in Vilnius City Municipality; http://data.europa.eu/88u/dataset/https-data-gov-lt-datasets-3894- ; User reports of problems in Vilnius, including their type, status, location, and resolution details
Adolfo Borrego González; adolfoborrego; Open Food Facts; https://world.openfoodfacts.org/data; Collaborative open dataset containing food product information contributed and maintained by citizens, including ingredients, nutritional values, brands and labels. The dataset is also available in RDF.
Borja Barahona Gómez; bbarahon; Atmosphere pollution 2024 (per hour, historic dataset); https://datos.alcobendas.org/dataset/contaminacion-atmosferica-por-horas-historico/resource/e8bbf966-b871-403b-b113-241aa395d483; This dataset contains hourly air pollution measurements in Alcobendas, Spain, for 2024. It has 85.822 records and 8 variables, covering 10 different pollutants. The main variables include the date and hour of measurement, pollutant type, concentration, measurement units, and pollutant classification. The pollutants include PM10, ozone (O_3), NO_2, NO, benzene, toluene, xylenes, and hydrocarbons. The dataset can be used to analyse hourly and seasonal patterns in air pollution and compare pollutant concentrations over time.
Andrea López; a-lcerro; Accessibility toilets The Hague; https://data.europa.eu/data/datasets/toegankelijkheidtoiletten?locale=en; Locations of toilets in The Hague accessible to disabled people
Arianna Balducci; ariannabalducci; OpenHistoricalMap; https://www.openhistoricalmap.org/about; OpenHistoricalMap is a volunteer-mapped database documenting how the geography of the world has changed over time, covering historical borders, settlements, transport networks and place names, each annotated with its validity dates. Available in RDF Turtle and through a public SPARQL endpoint. 
Alba Guasch Espinosa; albaguasch; Aurorasaurus Web Observations (2014-2025); https://zenodo.org/records/16783265; Citizen-generated dataset of aurora observations, including information on the observation time and location, sky conditions, aurora colors and types, duration, and images.
Niko Kalle Zirdum; nikozirdum; UFO Sightings Dataset; https://www.kaggle.com/datasets/satyarthps/ufo-sightings-dataset; This dataset shows the UFO sightings. It contains data from the past and well as the recent years. The time, place, season, country code and precise date has been included in the dataset
Mengxia Zhou; Chloe221201; ÁREAS CANINAS.2026; https://datos.madrid.es/dataset/300094-0-areas-caninas; Dataset containing information about municipally owned dog areas in Madrid, including their location, surface area, and availability of play equipment for dogs.
Javier Sánchez Mayoral; javisan17; SNPedia; https://www.snpedia.com; "Citizen-curated semantic wiki (Semantic MediaWiki) of human SNPs, genotypes and their medical/phenotypic associations, contributed by direct-to-consumer genetic testing users and citizen scientists."
Ángela Martínez Carrasco; angelamarticar; Open Soil Atlas Motivation Survey; https://data.europa.eu/data/datasets/oai-zenodo-org-5752354?locale=en; A citizen science dataset that collects participants' responses about their motivations for taking part in participatory research projects
Miguel Muñoz;MiguelMunozRamos;Cultural Gems;https://data.europa.eu/data/datasets/9ee32efe-af81-48e4-8ad6-a0db06802e03?locale=en;Cultural Gems is a crowdsourced dataset of cultural and creative places in European cities and towns. The information is contributed by the community and the dataset follows Linked Open Data principles, providing data in RDF and other semantic formats.
Zsombor Ádám; zombi170; FindSampo; https://www.ldf.fi/dataset/findsampo; Linked Open Data dataset of archaeological artifacts discovered and reported by citizen scientists in Finland.
Zhanbo Fang; breezonto; Cinema Context in RDF; https://doi.org/10.17026/DANS-Z64-MRVB; The Cinema Context RDF dataset is a Linked Data representation converted from MySQL data of the Dutch Cinema Context. It uses RDF and Semantic Web vocabularies such as Schema.org, with links to external resources including IMDb and Wikidata, and is distributed in TriG format for SPARQL-based querying.
Nicolás Arozarena García;  NicoGAroz; "Proposed citizens' commissions on theregioncitoyenne.fr from 2019 to 2022"; "http://data.europa.eu/88u/dataset/https-data-laregion-fr-explore-dataset-commissions-citoyennes-commentaires-2022-12-12-"; Datasets listing all comments and topics addressed in the citizens' commissions section of the participatory site laregioncitoyenne.fr.
Andrea López; a-lcerro; Accessibility toilets The Hague; https://data.europa.eu/data/datasets/toegankelijkheidtoiletten?locale=en; Locations of toilets in The Hague accessible to disabled people
Alba Vega Miró; albavegamiro-source; Dataset of Neurobehavioral Influences on Eating Disorder Perceptions Among Bangladeshi University Students; https://data.mendeley.com/datasets/64v6ym37dw/1; Explores the neurobehavioral factors related to eating disorders among university students in Bangladesh
Davide Redaelli; WesleySnaiper; MusicBrainz; https://musicbrainz.org; An open, community-curated music encyclopedia where volunteer editors add and correct data on artists, albums, and recordings. Each entity has a persistent URI that natively returns Linked Data (JSON-LD) via content negotiation.
Noah Rose; nsr223; iNaturalist Research-Grade Observations; https://www.gbif.org/dataset/50c9509d-22c7-4a22-a47d-8c48425ef4a7; Citizen-submitted photos and location data of wild species, cross-checked and labeled by public users
